0.7404958250162067,-11.984887911384469,-10.320317255203436,5.092077499946288,-2.916564881063933,0.21291404889234622,-3.2528413228340565,-3.0020000363940813
0.7812812159668517,-11.539900205033382,-10.070842237729329,4.840059710304593,-2.9131873532602817,0.7048085088837001,-3.0617375999590837,-3.2842747446997236
0.8417517721477159,-1.4108599744946217,-8.706633960294036,-2.987361227620271,-0.6209412195182453,10.343211021479203,-1.7724828506640231,-7.859907565915015
0.88680593080313,-0.962011634711552,-8.460193793268232,-3.236903335767169,-0.6162827904739232,10.831300749351959,-1.5794484955996353,-8.145543163460623
0.8638728735907969,-12.326494417117365,-9.250175044167417,5.7696310958740336,-3.238827422624779,-0.299383941652523,-2.718970335667677,-2.922028999075057
0.9051029958197618,-11.879122818497782,-9.003101693505535,5.518620681820943,-3.235347169098274,0.18962010774063537,-2.525358908120229,-3.206782485641992
0.9532681035352265,-11.43234412478203,-8.757083609485278,5.261183104456934,-3.2359000426650377,0.6741431024099486,-2.3300049864209007,-3.4930585625975197
1.045337928215485,-11.003960051480782,-8.312057019468426,5.117284759325756,-3.3349580066963327,1.2224371151012736,-1.9988210904580457,-3.8511879258703274
1.280288976851232,-1.8592043594683894,-6.272845069748356,-1.563810284749057,-1.6903238063478425,10.20285308231207,-0.2549438392428264,-8.335732726088542
1.3302842713847152,-1.412439518972514,-6.0242710002724245,-1.8184127456645365,-1.6892165509030739,10.690187739186321,-0.06509879570353544,-8.620907611523819
1.375620932166156,-0.9645086578523941,-5.779835294373838,-2.070319703562549,-1.6844678641306186,11.17722534626187,0.13319462190305006,-8.90581227065362
1.4269201549036732,-0.5214246895213265,-5.5303361860937414,-2.329479453413894,-1.6842890205277234,11.666083659412564,0.32482342881202186,-9.187812114873314
1.446503015386569,-12.819005841671146,-6.234898831279654,7.510072885659778,-4.629186076194648,-0.28523158259683373,-0.7763992389972258,-3.6382191923308627
1.4927532323749717,-12.374876722880353,-5.985602317343952,7.253674934179565,-4.628234294816887,0.20433701365503845,-0.5848257339585606,-3.9208769004759003
1.5408812757853358,-11.930542594601455,-5.736588793011499,7.0008803841822935,-4.62285894972562,0.6964621049622243,-0.39268013736349233,-4.201544896168393
1.5877118864078026,-11.488178209576908,-5.487103889477452,6.74089587316025,-4.623734336198542,1.1855913978633033,-0.1998267431561036,-4.483395707761061
1.6350552263482687,-11.040898394600847,-5.240943063565725,6.487888068362396,-4.620258430529675,1.6729938981968082,-0.004861052209471229,-4.76813160562971
1.6783031886538031,-10.594750301271096,-4.990912138642514,6.235270134072706,-4.618844290568202,2.162979208150655,0.18333445943408416,-5.0524395969449944
1.7273314597999827,-2.3076639784208948,-3.8415712820412935,-0.14614214700813247,-2.7622462721942997,10.057523068907894,1.2668986664867339,-8.812933453539586
0.6324454232851698,-1.31230412609598,-8.520221509943267,-2.9902242551697635,-0.2561369534112904,9.228364501821993,-2.0393008787248252,-6.939674556109427
0.9101547084282374,-0.9462408849349829,-7.297912391798037,-2.7142446680922983,-0.7848622847145574,9.985530256979002,-1.1413038461928122,-7.615665117485345
1.0020769115668031,-0.5161853340412158,-6.853590637421348,-2.86024701977196,-0.8878419833197669,10.529750072777576,-0.810767579681108,-7.977431122246246
1.1453262975069194,-0.10609103813528935,-6.214271515679802,-2.90855211650553,-1.1003045716093798,11.126470372871012,-0.33596869861901874,-8.415393232505549
1.1864875363920142,0.3397555953572725,-5.965122835580062,-3.1623168360623453,-1.0996088398050878,11.615751340392796,-0.14538672382595197,-8.699864314909302
1.158069657863235,-12.863767633293573,-6.970390189753449,7.293014364273952,-4.156600160507378,-1.2605283523548276,-1.4934354811660069,-2.6634356545460713
1.3034116568718277,-12.450471593147476,-6.333201111784999,7.249685988772622,-4.365364322288307,-0.6645659309477524,-1.017457514313116,-3.1028359210297967
1.3942882224569089,-12.024400327332662,-5.886701903920668,7.098424307349826,-4.471180614287194,-0.11874056750349352,-0.687393034173591,-3.4619720139176002
1.6786454288055592,-11.659165444320516,-4.662665519060284,7.373066493795518,-5.000148342122677,0.6388803512274115,0.207029181882556,-4.1370921552367514
0.5724050998661051,-10.658962333534946,-9.345622145838744,4.533261586098721,-2.4946175320512376,-0.19436028946307624,-3.093975890424378,-2.269248995996158
0.666867106930169,-10.23288379818677,-8.901887349757299,4.381520606588475,-2.5980383726980074,0.35054524277184795,-2.758196965220057,-2.6274567581241874
0.7098370550952647,-9.788966433472938,-8.653243244330394,4.125298309797851,-2.596890655066486,0.8403795779983668,-2.5646065490920598,-2.9098889335092224
0.76339969003535,-9.34266495180404,-8.403169120548377,3.8681106031008716,-2.5984142015291,1.326610146562091,-2.378113280217159,-3.1957703701622524
0.8602756537090115,-1.9917642758352865,-7.1671483049077525,-1.6839147018156095,-1.0641208390233656,8.402088245878835,-1.256199781197547,-6.627046896270868
0.9513918952483317,-1.5617295236430484,-6.722476656215795,-1.82954630498002,-1.1671142316095442,8.946695582814595,-0.9262986901711042,-6.988767989167021
0.9933578116247558,-1.1196804196750207,-6.472882464545219,-2.0887291867836186,-1.16791416013534,9.43686971638309,-0.732775543670914,-7.27028409999751
1.1333981378049176,-0.7074604329265488,-5.835002989639964,-2.132271146527928,-1.3773379114826354,10.03420616042248,-0.2565621260895102,-7.708928559288422
1.4205383921326926,-0.3400590338925493,-4.612209797094683,-1.8598616449928442,-1.909895136081101,10.78689937446675,0.6375228558750683,-8.388038754867846
1.5118491157405207,0.08949070050008308,-4.167877630750689,-2.0075561791026955,-2.0142878799763198,11.330448117042659,0.9685267384225024,-8.750024516394205
1.5550639026480968,0.5363455287371682,-3.9204291010136103,-2.2570142147717456,-2.008257616055201,11.821479376103158,1.161903025593125,-9.032963540139237
1.6043863561080975,0.9772564067018196,-3.668818206431592,-2.518851635398886,-2.0104437162336724,12.311540258932203,1.3513836132662607,-9.31385090011823
1.6226853928444704,-12.703322463665586,-4.5307334781361925,8.406506682328077,-5.279927906236865,-0.9437383606808853,0.08879756364487185,-3.1499551051355086
0.5207574790708197,-11.708996688445906,-9.21290564857354,5.558024649454697,-2.776398864026488,-1.775783909314881,-3.208179593896496,-1.2773621176242265
0.6125113981056249,-11.282855786470423,-8.767643066485052,5.410974447130595,-2.87644875371058,-1.2269357714785316,-2.8751199838104555,-1.6338056255346027
0.6588155424662967,-10.834424805033876,-8.522760817220018,5.155100136596216,-2.876870163338714,-0.7436378986241952,-2.6789061934871734,-1.9217250802287935
0.7100494273508937,-10.388337409208251,-8.274108004656584,4.900467590159094,-2.874728761720979,-0.25538783951954,-2.4885410693197096,-2.2057195583288984
0.8046686693421508,-9.961024025370156,-7.830086452154508,4.749627450003034,-2.9788574470326314,0.2886313127622529,-2.1547983154348396,-2.565440221054142
0.9033724323598091,-9.530279017769653,-7.386608285935853,4.603597944722883,-3.080506824702733,0.8317877611084804,-1.8238577037955093,-2.9272650338945017
0.9445919085466961,-9.087653794206403,-7.137432774335658,4.347450175608603,-3.0784837949365027,1.3235152616752481,-1.6297219694308425,-3.2079703382136735
0.9918166614745275,-1.7208023516467157,-6.096204986526384,-1.3119467426663973,-1.4403090138219856,8.344237183159146,-0.648856621468489,-6.56196130430085
1.181933709519173,-1.3262058959819971,-5.25813856385635,-1.2502827641584542,-1.7579741628359093,8.997949828779763,-0.04176185508746503,-7.0779234487645
1.2688668304610393,-0.8963114263188917,-4.815976623903496,-1.399091513588789,-1.8633995940253711,9.539669725998639,0.2939142041738051,-7.440986492121535
1.3705263451460037,-0.46399379317512457,-4.3743467050398195,-1.54779604795093,-1.9678942940134432,10.078225283704297,0.6265044981926577,-7.805917475243684
1.4628614090251035,-0.03551398649957512,-3.9279490862213997,-1.6942919968791692,-2.0709579741421047,10.624597708161156,0.9542566382608145,-8.166002278216789
1.5059396576049575,0.40929687466304615,-3.680829647064104,-1.949436347121276,-2.0685263163253813,11.113780663862883,1.1502428701991148,-8.44880369073176
1.5527842983097455,0.8577891998473591,-3.433280754633935,-2.2020778140874726,-2.067319959561692,11.600117430919838,1.340773508026884,-8.735704103154761
1.6473007204356442,1.2855020536458226,-2.9905670360578887,-2.3535950118124447,-2.1717271800801714,12.142793240164403,1.6768661540043461,-9.09607788899789
0.46984740159805444,-11.372191402336538,-8.923298380210962,5.507782955925329,-2.7260648151393867,-2.0499049392422712,-3.163453678647237,-0.8997649042546367
0.5657410889694641,-10.944112749453488,-8.477075526807637,5.359442373060123,-2.8297334352078907,-1.504468084656402,-2.835353017740296,-1.259770325492396
0.6110280705150318,-10.496007722840261,-8.22995158554845,5.1062837736961395,-2.8286614806731047,-1.018120930036331,-2.643327837636019,-1.546412602288814
0.6592442200827784,-10.051187962985255,-7.984021177588844,4.854436774157198,-2.8204577891469778,-0.5265164982843038,-2.444867366341026,-1.8264403974679637
0.7478142674101873,-9.624704397765687,-7.537238408268052,4.699272767923326,-2.9318974980712524,0.01567852545165794,-2.116106828266772,-2.1887607576198236
0.8892691658486873,-9.210903105657263,-6.899210092944935,4.658426327523452,-3.1400567423646204,0.6130759191456477,-1.641974114641145,-2.628276091687328
0.9400709014175553,-0.9198742027652086,-5.752654891788882,-1.7203935142405193,-1.2829177908295852,8.503826800285614,-0.5568843093561701,-6.392563305952361
1.0342739404310988,-0.4925766556342999,-5.308234467010251,-1.8711359532583265,-1.387318412387927,9.048022229181335,-0.2239548363376936,-6.752366534121494
1.083422216712668,-0.046083364432391374,-5.057574329213818,-2.1237176169813754,-1.385403668599737,9.537748634594706,-0.03810654400851373,-7.036673785864946
1.1791608276670684,0.3801722757919177,-4.613269118885281,-2.273402233366283,-1.4868854188681764,10.084181650152033,0.29629147470010964,-7.3940230676135705
1.3201925332977713,0.7962045358207588,-3.974683394270683,-2.316453482786727,-1.7007999548484016,10.676923054743945,0.7663337757642027,-7.838505077057312
1.4174958326218066,1.2260437542470928,-3.5320558823488293,-2.464977321448935,-1.8037886356256028,11.21912704798366,1.1001144438549448,-8.200215787614056
1.3882741439739106,-11.062933087850773,-4.428412952730298,7.2637746059054304,-4.641610991758956,-0.7791659661797885,-0.14040069360199592,-2.564373523080821
1.4393532067896444,-10.614641309808121,-4.183821522008082,7.009550223433412,-4.638686799773809,-0.2943826305048657,0.05634711469833262,-2.850500667426003
1.530343328977156,-10.185897589870732,-3.739691983137935,6.860530395360708,-4.7434801655594026,0.24915165840953182,0.38865928732162475,-3.2119318754052215
0.42376096010161163,-9.190138200382643,-8.420047595644052,4.018878785949827,-2.23656234529519,-0.5790509783083652,-2.912919824404037,-1.3388637716698912
0.707131001797798,-0.06011228744905144,-6.185703119935094,-2.5588246427074393,-0.7023167377767711,8.45135952615544,-1.030498825191476,-5.905088550453859
0.8007268796688212,0.3725186774598715,-5.743510232701562,-2.7000225955171047,-0.8011114612559134,8.995524749061717,-0.6980140158925456,-6.26744839639752
0.8502769906755747,0.8180078555160137,-5.495556775467145,-2.9554312182242586,-0.7989520494642153,9.483806416467917,-0.5053102384781177,-6.550933227192177
0.8947563635413939,1.2579066465459285,-5.246802516193233,-3.2158279450326996,-0.7972166799188777,9.975762024503105,-0.3077117973434041,-6.8291883123055195
0.9601642183350365,-10.133247114169066,-5.647167076521157,6.0060367558057255,-3.635923774186694,-1.0520781403418602,-1.1703972206539994,-1.76950819453501
1.0150439274645457,-9.686638301519945,-5.401561390873137,5.7523207546144475,-3.630235460001852,-0.5643841065008787,-0.9741729590817267,-2.0525220522247545
1.1109021914891737,0.4276811886851281,-3.844027372574959,-1.9682207757780847,-1.4461356551884805,9.126306514099419,0.45916959401882257,-6.708948802187482
1.2022411465322609,0.8589213671251953,-3.3998552156785466,-2.115175323961628,-1.5516704453459982,9.668135285229603,0.7885734170114718,-7.07314730640863
1.077339028730402,-14.257563948599046,-2.053825248701902,10.505079886887318,-4.735479243081395,-7.032501188547385,-0.024745059178416233,0.7258543691954356
-0.020147931986579527,-13.25967425144561,-6.7384238477267715,7.660019973521308,-2.2296676853831894,-7.8670724266206795,-3.3206990903690317,2.595932793556824
0.024647959908161206,-12.815735812107608,-6.486385179222389,7.406800610727484,-2.2273562629456305,-7.374170325017148,-3.134493793467527,2.3144032322350188
0.06574215651956686,-12.368762607137635,-6.240624120321688,7.152796568577938,-2.225757460226418,-6.887283183277857,-2.9377992710046783,2.028963721153604
0.130422828266194,6.530000835010145,-3.8693951520441328,-7.519542236706117,2.1355949433650094,11.02256660886891,-0.6589233529926739,-6.439885135555586
0.1780804142266874,6.972978008053586,-3.618838675778077,-7.775276852182015,2.13808266426256,11.514483105094161,-0.46881457125123766,-6.720537927744593
0.2182252028401927,7.416250964842909,-3.37289831609257,-8.032994978935207,2.1397655781355525,12.003422701071267,-0.2683711522898378,-7.0023599450561615
0.269489277037918,7.864376168586642,-3.1236166187091046,-8.283793791758583,2.1431897363020282,12.492111465295755,-0.08144953869874971,-7.287612978496683
0.2791333375351381,-13.659045793579656,-4.891297245235877,8.765955348678544,-2.979778207187186,-8.169999024604543,-2.2230471613467744,2.3545025049519768
0.37013898046152066,-13.231653175813157,-4.443469917609975,8.615195970256673,-3.0876558556141096,-7.6252843890610675,-1.8974602233810633,1.9931973768695608
0.46971551847731857,-12.801928532832774,-4.00371719445033,8.465618311432697,-3.188960016148385,-7.084327716163091,-1.557512063755864,1.6321618001943288
0.5624453782642154,-12.374051628613687,-3.55795180943809,8.316804229438644,-3.2932921968368785,-6.539115980046127,-1.2279139329372264,1.2719628800121294
0.6543037165319944,-11.945885033052152,-3.1134665835176425,8.167806697952916,-3.3974144947685643,-5.994706927424954,-0.8957737998904196,0.9114603351320616
0.761886398385417,6.016811298965036,-0.6559721938396299,-5.673065038956588,0.6429798030998616,11.097450484590949,1.4228957555821118,-7.227671497964535
0.8018303384864681,6.458233948404083,-0.40635681954384156,-5.933067610860744,0.6415561602266598,11.587802137538645,1.617227149314022,-7.508901133070699
0.8520731544664977,6.908272099417363,-0.16159781284291544,-6.184372176696919,0.6452544044773394,12.072587466919929,1.8118867896686928,-7.7963089664775245
0.9007926705356089,7.349851463301671,0.08735853881431792,-6.44356314391716,0.6470810389553413,12.563316914566661,2.006753890433301,-8.0761009185111
0.9498192028166759,7.796574154968273,0.3370885037237751,-6.697762325611462,0.6475849081604284,13.051255208353709,2.1942278447388315,-8.361425649042273
0.9133275603381048,-13.715860170526307,-1.6192975548978483,10.246979545683542,-4.36652929968612,-7.655777885192451,-0.09599792436930592,1.3658483133161623
0.9594822992972027,-13.267195637938036,-1.3715067546447155,9.993663501542294,-4.366634935388464,-7.1701682246287,0.09378738293620772,1.078148660055755
0.3244271449633026,-12.436223087624027,-4.100303564369952,8.200044256312719,-2.929242923230134,-7.463659135620308,-1.7992936417416558,2.1683802068695317
0.368436158937429,-11.987935883418713,-3.85162749218035,7.948849342454324,-2.927682971018431,-6.9756887446522,-1.6105957605953274,1.8819551035174027
0.5109370321225876,-11.577278042278685,-3.2136526656836533,7.901182610341157,-3.1392796997840726,-6.379496639845625,-1.13336916657016,1.4437473848320395
0.5624262717837442,-11.128494839634568,-2.968070982045033,7.6521527306058665,-3.131820895004492,-5.891029145880074,-0.9389059839143089,1.1595103924253432
-0.11538547478840228,6.329559418433795,-3.98001191406076,-7.211978815188608,2.340198746691104,9.445576033033147,-1.098988129676888,-5.039088563315876
-0.06403890835262722,6.773294362879206,-3.7323713630581614,-7.469667593035271,2.342642179355834,9.93435529798795,-0.9038897656406163,-5.32076789413643
0.07398829929493375,7.187763479550653,-3.0948037120843725,-7.513517971631376,2.12985400719474,10.528334652302778,-0.4295281603766153,-5.76329446009241
0.11931617065193102,7.630989289115227,-2.843129097447445,-7.772788142012388,2.126689276846169,11.017302244449251,-0.24233066091446034,-6.046906102861687
0.16631560800802875,8.077211813463583,-2.5949494166125486,-8.019854642572835,2.1364965338187623,11.51127291908007,-0.049918701591596684,-6.327265390499126
0.35415741717279814,8.473153315329132,-1.7627433772769618,-7.964412330246658,1.8141524286848238,12.157007815212092,0.5680828383529943,-6.847445096573139
0.7008077322895292,-13.162827445804993,-2.1593790900889664,9.825928119549618,-4.055330529314282,-8.127949484236176,-0.6017860484872343,2.2455867416237405
0.7893399371571315,-12.733527928888009,-1.7146605578422718,9.678167059350617,-4.160426203403904,-7.584062247074018,-0.27108437213703995,1.883519234015682
0.8368254740851425,-12.290338818853652,-1.4661730317305655,9.420760347008402,-4.1585317367415,-7.09418428307432,-0.07681507439273354,1.6021612188555834
0.8863292613140629,-11.840836120374071,-1.2201385319615152,9.168973710539186,-4.15585205503885,-6.608810535861684,0.11568911073370064,1.3148836654053107
0.9264880891035847,-11.398442379475995,-0.9682382153667668,8.915092500962224,-4.15333336766006,-6.114422088028182,0.3044143877373304,1.0349141339735448
-0.12930319848065452,-10.418266674889225,-5.456491504318342,6.174083569714556,-1.7559549802483754,-6.894263671511377,-2.8514060019805556,2.827256887309028
-0.08037071399677924,-9.973782576240456,-5.20637282618716,5.920286112223764,-1.752542819373758,-6.402910499493644,-2.6620575801676005,2.54557656186882
-0.02568087241825594,6.1579585555025815,-3.157684792474406,-6.589575507850583,1.9549570559998195,8.89146504777323,-0.6876155121634816,-4.696814438512296
0.025092332236903724,6.6042217207310046,-2.9094775890028446,-6.842371730212097,1.9591654069249593,9.380848886938558,-0.49624713837396645,-4.979991878995963
0.20846146803994495,6.997825978519957,-2.073624030340233,-6.777602913893731,1.6463238537160787,10.03787049428214,0.11786633706753377,-5.492833636991607
0.4449143219979174,7.3770113811556675,-1.0453975896689853,-6.616978305014896,1.2174737510997795,10.737939769193067,0.8750443099269589,-6.090716469555824
0.537326156244719,7.808916870575132,-0.6030314207386439,-6.761681042808568,1.1152560413938557,11.28031229506314,1.207768796062769,-6.454074007233344
0.5863272000083373,8.253556941996528,-0.3554076803947036,-7.018539605677704,1.1169729701150057,11.768510553184893,1.4021216760985962,-6.736997078671936
0.7664115050377789,8.649660327690533,0.48224106513853415,-6.955636362306343,0.7968147061899726,12.42101095809971,2.0093900445849693,-7.255730871578322
0.733673745516198,-12.396911915330508,-1.4236807578095723,9.628261147869333,-4.111631972394752,-7.857423728463272,-0.22868696506653452,2.2606487274464926
0.8329070216143779,-11.968239649419237,-0.9816502395597956,9.481056225664037,-4.210795919690045,-7.312699339752649,0.10776606365309047,1.9019183140616784
-0.17813585257400505,-11.007251770117522,-5.270529171070478,6.842545658962874,-1.9233593679360543,-8.036425618943708,-2.9132848503381337,3.6175008217543985
0.059608528838095996,-10.623191205500584,-4.243309616465254,7.01534892205678,-2.343582152204638,-7.333405380370144,-2.158605704584156,3.0191381141542495
0.09895916615337742,-10.179685029801512,-3.9944663033753565,6.759430339603267,-2.342576136067348,-6.8427652989440375,-1.9645954775473564,2.737037820908037
0.14590409389668504,-9.732670458994251,-3.7471453327647493,6.506310723596421,-2.3398733532873077,-6.35486360961815,-1.7718482757448084,2.4522844861455098
0.19383171313473166,-9.287268486498558,-3.495126072320005,6.2504928747024255,-2.341540500041535,-5.865983469960561,-1.5879097801415867,2.167369373580629
0.2520104707767589,5.921729269845572,-1.5542472847965658,-5.540121130861686,1.1485515389276062,8.55584966209904,0.2853959749123838,-4.665548896493931
0.29943823252009927,6.366576032732144,-1.3046428197109197,-5.792439952420368,1.1532092541826091,9.047776720664286,0.4757355876327131,-4.947012583575395
0.34572457177493165,6.81085310612954,-1.0546929800205809,-6.045029384159464,1.1577433169432338,9.540315704399312,0.6660737004554661,-5.227959629757798
0.3872862713779505,7.257202363270726,-0.808137819522571,-6.300854563374162,1.1575840178027301,10.026755595396358,0.8615334902200136,-5.513596198864691
0.4364191948998506,7.700759609349517,-0.5580141730364655,-6.553821655165279,1.163116818213216,10.520022789384035,1.0520478892209113,-5.793324644759991
0.48481836737969874,8.146239292250284,-0.30947343538446676,-6.811970525292024,1.1615110694735156,11.006240549562916,1.243293734364966,-6.078626018470884
0.5355719123912263,8.590277970351886,-0.06273426656846479,-7.067333286641609,1.166726827322455,11.496278526219836,1.4403106531043586,-6.359304838431793
0.5526325690398567,-11.553279001757437,-1.6653272047604144,8.896099668411686,-3.6328146620920667,-7.856439280798161,-0.5538715348263435,2.671729446285066
0.5906528634667544,-11.10507922198307,-1.4188144564935556,8.644452324659106,-3.63139055289027,-7.369199871523199,-0.3597817575858957,2.385085685314936
0.6907412771397456,-10.675591139809258,-0.9754159529245329,8.49632673544755,-3.733440698248565,-6.82602560260064,-0.02750074693184779,2.024267494253045
0.7321291499007385,-10.229196330091414,-0.7262073679634419,8.243091475481158,-3.7328266457064085,-6.337047063602942,0.16232479790009377,1.7392347896409137
-0.18219377131566178,-9.301184715918065,-4.6266995147138115,5.816928260115528,-1.6541807942999087,-6.951987727884082,-2.5726976539010784,3.3006397154423
-0.08603030792130104,-8.86904916232467,-4.1827277165507,5.6730338919324765,-1.7561353254507122,-6.408924262818087,-2.244060548384769,2.9373640994409973
-0.03951112390208007,-8.42668902934068,-3.935490751017955,5.4139790098555896,-1.7543242253518072,-5.919504471515132,-2.046114202682036,2.656635265515985
0.14898122446720638,5.8136437051676575,-1.5110532741644165,-5.331908138553171,1.1976169911516705,7.795359235812151,0.13384847932505398,-4.004454831792899
0.3878922956669311,6.191703709745182,-0.47771122856246084,-5.166166526812666,0.7725494159593966,8.502080362921376,0.8813715896224975,-4.598851972367713
0.4777854285376596,6.619326086730777,-0.03649784685103666,-5.3165496781857104,0.669593901512066,9.04544014903558,1.2214306084106614,-4.958578585327723
0.5765226058291992,7.050984326636345,0.4068832893328178,-5.46130480803333,0.5683171726018627,9.58836298304035,1.551617630983329,-5.321105734805835
0.6653757594141769,7.482753437963004,0.8482262567909227,-5.610091821169203,0.46165988610239644,10.127424867296366,1.8866792935124321,-5.686662066863195
0.7645130129057559,7.9080369859227115,1.2952610882181395,-5.763405982498012,0.3560346529941162,10.672853380029515,2.215529253911859,-6.0448625322963725
0.8095236910890935,8.352871722947171,1.5428889490904238,-6.017837886535505,0.35929315280733565,11.162691530315982,2.410257334178791,-6.327217064034944
-0.280587208645251,-10.33184027523865,-4.689061607979381,6.740385496180842,-1.8286644816867823,-8.587982305698086,-2.8310793712976037,4.368200506957927
-0.18906101616125653,-9.899797536727856,-4.245245504234855,6.5984006286030885,-1.929326750390026,-8.04334178771562,-2.5013622131610647,4.005627561076399
-0.08904074905639106,-9.471144142215707,-3.80384516079734,6.445619591978215,-2.034035110999367,-7.503159810713992,-2.164136145734782,3.6440879123272873
-0.04417695117844995,-9.027005543238161,-3.5531119503535304,6.194591921145222,-2.0285114618100795,-7.0090425283800455,-1.9750708398183856,3.363840551920651
-0.0017231656703688277,-8.581965245625534,-3.307859835825081,5.938270335005505,-2.026400500894466,-6.521490140825118,-1.7752979112903275,3.080471469346825
0.04560623576856297,-8.134525403657008,-3.0584242914748656,5.683452105361097,-2.027647247993217,-6.0350859465976585,-1.5879389235301553,2.793547503195242
0.2386966425816275,-7.740973359702916,-2.2226424903062547,5.7428529105456025,-2.344113293104087,-5.382206923125801,-0.9750536495769863,2.2789738441569902
0.3343435553239954,5.607664121177503,-0.2950810415390217,-4.496366210874877,0.6019518481200538,7.353607886408291,0.8214975804537944,-3.815307727230109
0.479948577144564,6.020809080819675,0.3434517038573495,-4.537394513454884,0.39498146778901266,7.95188196757357,1.2948993070942634,-4.253533368483983
0.5272210839502096,6.466228153701462,0.5912308793109842,-4.79105670161131,0.39878415116078253,8.441596384012268,1.4884613368690078,-4.5361556479908405
0.6680013240577437,6.878088052940473,1.2320958678400609,-4.837244119965502,0.18474542707591743,9.037917465324902,1.958175079575492,-4.976459775708049
0.7158591497701379,7.3258096885253075,1.4786168113586409,-5.089548541067136,0.18830373950015825,9.525362665067362,2.151839851919608,-5.261542334618672
0.7608513530649624,7.768713234665982,1.7280254145050986,-5.345977824063493,0.1903639826357684,10.016569797003587,2.344748388090911,-5.542460544982293
0.8071412111384973,8.216149658856052,1.9755229812783017,-5.595991296498641,0.19572765392809702,10.50641040210808,2.536977265306686,-5.8262763599109775
-0.3798338775113299,-9.516514666727517,-4.5406436136255985,6.227873561364344,-1.5610123835327536,-8.478468668924295,-2.8774072660216996,4.619537838307474
-0.32420664072287764,-9.073010278987542,-4.291248066734312,5.970924332367818,-1.5578023690600629,-7.988397935449257,-2.686230142624103,4.338651676361954
-0.19188651634960632,-8.656093584104276,-3.6536220122097345,5.9328716731323965,-1.7685169757816739,-7.393129810167516,-2.213810762355532,3.894790313726396
-0.04656338538766886,-8.246160568799228,-3.0138829540871472,5.883159310949811,-1.9821913752175035,-6.797212054848064,-1.7400817999732023,3.4564272919490953
0.0016427220929959043,-7.80055367567833,-2.7680834607173948,5.62796249544681,-1.9786100861685716,-6.3093665788394775,-1.542616095068629,3.1733213721226226
0.046892668745335445,-7.353280520614771,-2.520856670146337,5.378207134328951,-1.9727900311885391,-5.819163640346424,-1.3494707336978664,2.8898600874514697
0.09608493108300799,-6.908978234953197,-2.2703899452920653,5.124373148471184,-1.9693983208089676,-5.327522078893582,-1.1607008284098435,2.6083798472113626
0.15186469405622666,5.531881394462127,-0.6422605312267211,-4.501930347281312,0.8645664244808753,6.483844964974423,0.38736753371191945,-2.9971477494397156
0.23536076572694556,5.958430054530341,-0.1985991484656274,-4.652914676334279,0.758920657145228,7.0286121410451345,0.7238399785199024,-3.35696472198129
0.337859766755903,6.386745919910915,0.2449230985128956,-4.803161977667491,0.6564187731277223,7.571719459994143,1.0568128306794775,-3.7168595309185806
0.38323162554381274,6.835979844197898,0.4903283956647311,-5.057180875519143,0.6564592182086367,8.05551276375359,1.2511847162775458,-4.005272775849535
0.42928442780052195,7.27973228475826,0.7396707335217615,-5.311973384113564,0.6595916506081229,8.546876985802092,1.4432904298574214,-4.286475504939936
0.5673561384951854,7.693443389178721,1.377040348973158,-5.353114385962128,0.450932990352709,9.143999120711634,1.919269875896602,-4.72623042381515
0.7035871362326048,8.106310582475237,2.017289100250012,-5.394746945753115,0.240149232523127,9.742432287303133,2.3900234781690215,-5.165956011232807
-0.1941402700449911,-8.79793802219634,-3.222684714872196,6.346494264729685,-1.9335923662515782,-8.04940862704155,-2.0780540194634645,4.399739809431676
-0.14495254747599404,-8.351755151195885,-2.974262405294718,6.092367952258144,-1.9313024493646924,-7.560947472863515,-1.887052806632761,4.1156975723919835
-0.0014589168545146064,-7.940378259366682,-2.332819163720197,6.044756409345531,-2.146145035959492,-6.964971390877208,-1.418434059307969,3.6755237303895862
0.08874984034054917,-7.508651072737135,-1.8913932922476624,5.899168779395473,-2.2489240216078166,-6.423273017762469,-1.0833050429446203,3.3119568697479247
0.22348192272896902,-7.0972744776365895,-1.2515475976638493,5.855611035073857,-2.4600496855332596,-5.824460715161072,-0.6099317405617115,2.8734500205484657
0.27526765239506396,-6.651238237712589,-1.0005451249051693,5.604276297722041,-2.4558239185996507,-5.333032264850238,-0.42440935029726373,2.5907795115825514
0.32357673329494835,-6.206389674869063,-0.7560040179014293,5.34510925252971,-2.4547544774525862,-4.847584611942263,-0.22366985028854094,2.3070254358193023
0.46445165663037635,-5.792327962946581,-0.11683756739511554,5.304751561649217,-2.6636933226023425,-4.249923435255669,0.24774095458522657,1.8669807118006414
0.5110882301575748,-5.347732931771964,0.13031800059276596,5.046667116368937,-2.6634816064904108,-3.76275689813894,0.4432762526285081,1.5832949206416225
0.5571855309078415,-4.902692684304639,0.3796170196005156,4.792414817419271,-2.6613000933565285,-3.2727056723014534,0.6339849554489672,1.3003739543737367
0.6031692307095902,-4.458483480676939,0.6293209080862521,4.536587271520933,-2.6601828194110086,-2.7827100632231203,0.8246457037855507,1.0177611093430308
-0.3109295337517402,-3.5256420368449,-3.2697664827098016,2.120267154319274,-0.5775502802279152,-3.396023437067879,-1.9182858941764407,2.5766476538492187
-0.26362957018852273,-3.0787442812091195,-3.023294921750439,1.8660006883905262,-0.5752538676824952,-2.909047532290588,-1.7236726964333136,2.291721179382123
-0.17135588709839114,-2.65191030272008,-2.5794286384539946,1.7142121835052466,-0.680272968229083,-2.3651900477515517,-1.3888913625948827,1.9319937450715443
-0.030134667851005874,-2.2379762034333908,-1.9386186715116065,1.6710756456058162,-0.8933319701304752,-1.769238301170769,-0.9212723451604381,1.490178616577348
0.012721396879153952,-1.791283418840469,-1.6922775830656431,1.4197234820484848,-0.8884557113336503,-1.2797260701250806,-0.7254159243392198,1.2067087194572805
0.0604346842586226,-1.3472612779709328,-1.4412725183255544,1.1654559847075252,-0.8859544259698015,-0.7879566070001156,-0.5374059756853369,0.9251015481047866
0.10526287725973352,-0.9042254765927377,-1.1929894667722118,0.9075476761202952,-0.8848905360781981,-0.2983360364540715,-0.34230583904912515,0.6434468314264683
0.47983526394228293,-0.5699570919462973,0.4215374192139348,1.3929068796522985,-1.6300776651833095,0.5644312569304363,0.8315277766276844,-0.19130876221299536
0.5313015125256811,-0.12315847538828802,0.667520096954246,1.1407081388422482,-1.6240085709073717,1.0531266609922698,1.02716342754306,-0.47429000329648147
0.623685348554275,0.3050869762476915,1.1110197617873419,0.9932447122749327,-1.725640827328848,1.5984584101243218,1.3614930467160669,-0.8337209014514078
0.6723903491056602,0.7496835624446323,1.361655787391908,0.7340641583295429,-1.7288309279804746,2.085469208480374,1.5490367573961457,-1.1187551591738203
-0.3867871818065249,1.7303316686141228,-3.1258927563624077,-2.00473355541253,0.6691093636538197,1.3068680593790956,-1.6083665769966318,0.6734711473500603
-0.343838628083612,2.1761855925893556,-2.879052182472477,-2.2555676052997726,0.6752459257392049,1.7980256500257157,-1.4125635103242844,0.3914874389304014
-0.242506830847149,2.6065750805993817,-2.4340711221755917,-2.403759723716652,0.5710842067672696,2.3402623265178284,-1.0849799569774214,0.028908387800807282
-0.19848906712062417,3.0497195489796667,-2.1860384941637094,-2.6598413291450393,0.5740575686189082,2.831135873055422,-0.8891956963431492,-0.25192527371115386
-0.10346431081962787,3.4745428111853043,-1.7396903649415978,-2.814311898224151,0.46728130296483084,3.376088635514128,-0.5580136861752847,-0.6103397874200724
-0.05357608619381387,3.924524907448229,-1.4933256533535395,-3.0651759670556555,0.4702343425544039,3.8616221060065326,-0.366755013771946,-0.8979082546626003
0.03398404358863552,4.352994076497528,-1.0501091091050423,-3.210243296240116,0.3700992933922266,4.4084651067863865,-0.031376456548563185,-1.2568520551623916
0.13008455126520274,4.782287740874993,-0.6082961905755513,-3.365204856205247,0.260936135388109,4.946095071556961,0.30431268855373234,-1.6212049224556468
0.3097102984739346,5.177474029869595,0.22846752095649508,-3.3013046795592413,-0.05640143875444939,5.600443830847509,0.9147789108382435,-2.1377370347351605
0.36456059894945203,5.624274920713946,0.47453444889652163,-3.556156719529603,-0.05257955546335066,6.087065864700338,1.1096413337800872,-2.42182203286834
0.40818076955062593,6.066858945300161,0.7266421098604159,-3.809090052807242,-0.04859321107385142,6.582025243242361,1.297455966537572,-2.7012092765711646
0.4543461182043862,6.5130963236800765,0.9728743630798795,-4.0680194614526135,-0.05076857177585896,7.066114116736814,1.4930193547404735,-2.987760274599269
0.5036195967783442,6.957490602807371,1.2237698718826486,-4.321229314728378,-0.04710179583441712,7.558216780506492,1.6807881498864372,-3.2691490659634823
0.5486326213844716,7.408167664633074,1.4685503378292017,-4.568757058790329,-0.041205133292879746,8.045113100883473,1.8755048324839776,-3.5560906589146506
0.5929427147988723,7.848097438585383,1.7196545200824636,-4.83201175239494,-0.04453350175797696,8.535220727110765,2.067601191522392,-3.8366718460781595
0.6361776276361947,8.29521469829996,1.9675552674472194,-5.083253269171668,-0.04116207528577919,9.024567403253787,2.2594806739682234,-4.121146022945384
-0.06782207049887033,-7.751545226956308,-2.384193353196531,6.359455554694438,-2.422292356105487,-7.680506315956564,-1.5450396806879858,4.722821689591789
-0.02800168141379881,-7.3077215839157805,-2.136499801141106,6.103146799708514,-2.421130332301766,-7.190833456598224,-1.348954262082042,4.4403817737865845
0.029149521579011076,-6.859327278134869,-1.8895222570344836,5.8509255543812,-2.4165067933662754,-6.704057006504302,-1.1579581818213467,4.155261602246679
0.16360311260359206,-6.448447056423453,-1.2506343446107062,5.80298949790949,-2.6312431086196133,-6.108263553452544,-0.682295084967314,3.715334301293092
0.30642118032183563,-6.033929010365487,-0.612382288146753,5.762953805133763,-2.8392402763422298,-5.5111286483201845,-0.20955949384735048,3.2752370038931815
0.4874191083767538,-5.635729786320375,0.22419711689557642,5.828443059952625,-3.1580818475937686,-4.859598330128017,0.3977369441964984,2.755041032239641
-0.4275497835518815,-4.703907699750204,-3.6757021719737666,3.4097420964777063,-1.0764274500027717,-5.473608252793704,-2.3423417188049362,4.31433698304528
-0.38335672837793844,-4.258275601943268,-3.4279173387139346,3.1548323310968707,-1.075001660586847,-4.985201028863529,-2.1488888234931536,4.030312759142532
-0.33356338004256225,-3.8109593689382963,-3.1812615768286645,2.901368658908451,-1.0718896855600826,-4.498090346816545,-1.9553336209930838,3.745417707505943
-0.2869690909106098,-3.3702577027899125,-2.932296627004929,2.6426961466809753,-1.0688940588030003,-4.0057809724473685,-1.7591834034466043,3.4670473804416995
-0.23852770016062047,-2.923904084355866,-2.6860381879309343,2.38693114425104,-1.0671697374465223,-3.5193002635508868,-1.5637059812800391,3.1823419577802587
-0.18926459080931154,-2.4796593391748347,-2.434100608512466,2.131156908165515,-1.066980224535014,-3.028830952744332,-1.3783195411444695,2.8994641030884756
-0.14514641209143644,-2.032743062202,-2.1875297924817994,1.879621961433959,-1.0624680596951952,-2.539708531487013,-1.1833740876369137,2.615624518322261
0.044882065830071385,-1.6341575058603852,-1.3546903476569618,1.941975191036545,-1.3803464047216016,-1.891878397272928,-0.569439301135668,2.095199901045456
0.09546473956563425,-1.1908029949743322,-1.1061985318889063,1.6860178328243105,-1.3763226133948867,-1.4010401265193624,-0.3755175056166507,1.8147570846078258
0.1367455309803208,-0.7454547853527499,-0.8551204833738846,1.4312496579140646,-1.37757364243934,-0.9114970978014334,-0.1887121678900581,1.5299849272858956
0.18469722106296108,-0.3002543095332729,-0.6087431335487464,1.1792767229606036,-1.3703853137540698,-0.42041815341261596,0.008316681517725591,1.249127073911795
0.2250371034618754,0.14323882601554866,-0.3595136891353683,0.9229937485750662,-1.369835413734461,0.07003529388379652,0.20136088090967394,0.9668532867056889
0.3218565395914273,0.5719447509340858,0.0839357588593339,0.7710203842516917,-1.476011688274688,0.6111772206975499,0.5343782342739662,0.6047214675786192
0.41618573923243335,1.0013492595586162,0.528151963688278,0.6264201314120466,-1.575978078574461,1.1573918445297842,0.8658474049351383,0.2450844201631927
0.5106688719608736,1.4321995984294353,0.9731244057896582,0.4730081744303309,-1.6881262123453065,1.6947842395161434,1.1930013839174212,-0.12195022251158753
-0.40685406677915986,2.363758510723324,-2.9306111973011753,-1.9474509188777425,0.3942239776405747,1.0789301881566744,-1.5382320170011023,1.4375581823346717
-0.1234540230002684,2.7304378625269172,-1.7040598527510913,-1.6697338845360976,-0.1352403672126368,1.8375566644644306,-0.6506929169553861,0.7610451290486456
-0.03385624171200565,3.1563426767840568,-1.2586807823472532,-1.8179233681050977,-0.2368592798411081,2.385819468213066,-0.3175235410300926,0.4040494309477952
0.008470465248262433,3.6016817840822632,-1.011933569327364,-2.0753348839507253,-0.23750688800977354,2.8724007700853122,-0.12150973019647426,0.1191629463045645
0.15612568045018876,4.014281507928227,-0.371970411717996,-2.117212464008493,-0.44536534489157537,3.4710386429168363,0.3491098554332925,-0.31883268566774137
0.24339721834880565,4.444955324001413,0.07026788849031082,-2.2656650503727263,-0.5513395732190424,4.012010643969345,0.683688027553167,-0.6829110051076458
0.2941497952412208,4.892232845514144,0.31730544585309584,-2.521438620966982,-0.5508295135087706,4.4974165012372165,0.8761220952824297,-0.9690266111762461
0.3447606705741582,5.33790947798804,0.5675641958739779,-2.7730120916894307,-0.5461294924903604,4.988978942099476,1.0638026324224885,-1.251191930996536
0.5290749315797263,5.735348474167129,1.4013852172231092,-2.7109680455915104,-0.8650045389399375,5.638257162496779,1.6774429039969545,-1.770933859501412
0.5808157306122558,6.179072886243068,1.6503288092209958,-2.9680369622010994,-0.8627578490994516,6.127811528235738,1.869702897396295,-2.0525710959903045
0.6233297157382092,6.621593022733419,1.8998242427480216,-3.221643719861733,-0.8577087950421258,6.62178289619611,2.0633968609670172,-2.3316284079910616
0.6716368391785267,7.0684681957174975,2.1461668687631548,-3.4797127274352366,-0.8593015820822894,7.105739028425685,2.257840918842754,-2.618483908386599
-0.39062669021418867,8.046979040920734,-2.3379585299574437,-6.215381795751157,1.5414600699171819,6.333178438058133,-0.9039549245769729,-0.8224647952640861
-0.2980562512143628,8.477517891639398,-1.8966831102258042,-6.365632207738422,1.4356076393646475,6.872749137523265,-0.567763612604697,-1.1864288486749859
-0.24778891952959592,8.924262030848158,-1.6475029682991185,-6.617232913113966,1.4396956855269225,7.362630491559696,-0.37895155758172144,-1.4700348707672513
-0.2773366318891718,-6.591098177990926,-2.9169061568683,5.631549427036055,-2.166247843189501,-7.69101487630848,-1.9853319254946513,5.592652510683806
-0.18507155825630286,-6.163631734448427,-2.472527545908402,5.484849122434587,-2.266758705023654,-7.143848179220958,-1.65192080885534,5.234617608550995
-0.09043113437640143,-5.7299488780376615,-2.0322037927923593,5.339771962277699,-2.369525512737877,-6.604563002973237,-1.3170613433834657,4.869081423013913
-0.04190044576435117,-5.289313275203252,-1.7800924845478525,5.082767664857448,-2.366534600907594,-6.110182137416625,-1.127789931910154,4.591090130035424
0.09992429240752089,-4.875190181164223,-1.1421001940703106,5.035684045924451,-2.5819496073180415,-5.518197046693976,-0.6546332472382096,4.147640596630436
0.1951620474265534,-4.442753618004189,-0.7002261792608827,4.89411047738274,-2.680298856501313,-4.974119829160607,-0.3214019074547657,3.785664524877254
0.28405754476368705,-4.013132733276671,-0.256887221302607,4.7414668136102724,-2.7901128105785515,-4.4348353671121234,0.01142991512891769,3.4207971955499934
0.3299883275085266,-3.568671521777532,-0.005857694421753232,4.488444978949172,-2.787196409013946,-3.9426743662455204,0.19915193466807438,3.138970811332203
0.38259939807737114,-3.1254206214102993,0.24039810450557286,4.232668938087638,-2.780665509884186,-3.451986173783202,0.397966029295457,2.8596654963202575
0.4256581667281345,-2.6787173906954895,0.4907213761648333,3.978731823256568,-2.7816811726162176,-2.9637436691457935,0.5847336819131587,2.573638449014456
0.47231895311598115,-2.2326335660463186,0.7388028839008799,3.726949326970958,-2.7769753401052477,-2.473370074156174,0.7770795825519135,2.2908549989207185
0.5250219912297174,-1.7890731398630204,0.9876664329207049,3.468781186895424,-2.7754692914719787,-1.9844793780706784,0.969511579330037,2.00900132946415
0.565171783118815,-1.3433433332125275,1.2328098961521243,3.2137601058835132,-2.773212084924273,-1.4968605374240833,1.169044349248384,1.725022784734808
0.6081614971689918,-0.8976237228719208,1.4829572601273866,2.9606501311609383,-2.771964808105705,-1.00666890970192,1.3574701431122655,1.4410544608507265
-0.44521388618789015,0.08322290729249926,-3.002258258134007,0.22524949652296192,-0.37090874915562516,-1.7823075841815004,-1.8055156501276184,3.2348962609557064
-0.3551949036880171,0.5104527276770983,-2.560167995398907,0.07267927015000424,-0.4764607689174273,-1.2399849259316402,-1.4671570963677105,2.874338320951352
-0.2970029593461316,0.955695866445494,-2.312261500893541,-0.1839972742319781,-0.47337296099129555,-0.752318771097865,-1.2749859851617396,2.5915796679129177
-0.25931966773244175,1.401402360857927,-2.0608527002423327,-0.43557794394289456,-0.47259326625526515,-0.2606802105916202,-1.0886818166047787,2.3074964492380827
-0.16590578424750818,1.8318759980719974,-1.6196799893209235,-0.5849417135690984,-0.5771000596139033,0.27967196469053984,-0.752173461038176,1.9442597615749706
0.06777809647756448,2.2141409645322905,-0.5918705056153353,-0.4158981070462595,-1.0006876821697617,0.982197986633261,0.0033489350140600504,1.3459892916361196
0.25854233144743743,2.608319884132934,0.24523222792050495,-0.35213365457014384,-1.314602431888504,1.6379594436510556,0.6132262871554908,0.832208315792712
0.35365493530674097,3.037837076712143,0.6888181203742595,-0.502920140922314,-1.420958974056869,2.1789677053320005,0.9452492802316466,0.46921318508914545
0.40129744164107545,3.480329334103095,0.9385084925312518,-0.7595347111262186,-1.4181957355445827,2.6706608152988824,1.1377636844311618,0.18907897067963786
0.44680391005362324,3.9298921989997515,1.1831148324027316,-1.0132591491929956,-1.4175937786074346,3.1540854643308993,1.3335231804338519,-0.09944901589399023
0.583046970734519,4.342271990962198,1.8211706340913518,-1.055575731009842,-1.6268616394716964,3.7521871135405633,1.8096329639648747,-0.5381654468708161
0.6364183950947483,4.784139884182698,2.073389891605743,-1.3138238548278214,-1.6257494148355218,4.2439783506981845,1.996612909673668,-0.818252803419434
0.6766185603295695,5.231523892451801,2.3192585924279236,-1.5654689661613208,-1.6223138047616739,4.7322073910116265,2.1929006687404744,-1.10316321993478
-0.42648372548538005,6.231250930764781,-2.3632704670762332,-4.407122828113352,0.8821432303636703,3.8982467642283907,-1.108957647115834,0.7646554130500565
-0.3303877204106481,6.657005046134584,-1.919783434556601,-4.559258130235179,0.7792522234255762,4.443238881043593,-0.7724345570570716,0.40700566953128064
-0.2794764730589884,7.101577521697422,-1.667831102129025,-4.812850704112723,0.7818439373997079,4.935023563064467,-0.5874041899178714,0.12501892407567122
-0.23456593687179142,7.547256918072986,-1.421171723211646,-5.067757198131167,0.7842395281173183,5.423148464573744,-0.3915888541936078,-0.15867536791810152
-0.139011870243401,7.976033448406647,-0.9779976262956076,-5.219311234458154,0.6783607959209305,5.964463284975857,-0.05788788696836723,-0.5207582854306124
0.002542582692572143,8.389785468039323,-0.3387570571738015,-5.260703685816791,0.4687509886011889,6.5617372883116225,0.41356193348776243,-0.9608301917555888
0.04583603538057422,8.835230978409864,-0.09086106417062849,-5.5107555381582305,0.47554334224754474,7.054285213242479,0.6075714921637582,-1.2419879255289943
0.015565150982882784,-5.756084525421995,-1.2532904137286143,6.018490363390971,-2.913651199510215,-7.128946947344139,-0.8976736229094835,5.409572618985437
0.06596849568260718,-5.308648128482701,-1.0065757713876171,5.766523658293957,-2.908918993682346,-6.6407871921497446,-0.7042965618737969,5.125378753131372
0.24885728449648886,-4.91152421141684,-0.17047400774473442,5.830991041771244,-3.2267653591197503,-5.988703124116673,-0.09493606742891206,4.606673971081471
0.33988503277355614,-4.484471574873814,0.2739820801072013,5.68041463401199,-3.331440140587292,-5.444065086254649,0.23851983442387137,4.2469618778181895
0.4796761607046303,-4.070406185807935,0.9126577545186216,5.637677556205538,-3.5429193859118224,-4.848414921229511,0.7108681785152992,3.805593052684257
0.583879929711592,-3.639321221617024,1.3546819621150563,5.48740071575333,-3.647352243535609,-4.30935088319498,1.0436688911303333,3.4419272337969766
-0.4772037291490726,-2.660641152943526,-3.13240837528439,2.7477455886595483,-1.2487196330641914,-5.085907402772034,-2.112297846373682,5.236431758519041
-0.1957851928665662,-2.296705257012378,-1.9036231555207275,3.022433129800962,-1.7803285663845605,-4.325565701718422,-1.2265283390865438,4.561702168413128
-0.0999428967164781,-1.8690368540583773,-1.4608238675058336,2.8717779002470087,-1.8834752146570235,-3.782113938544108,-0.8906066102096707,4.202013613455686
-0.06432413020135483,-1.4248932949815565,-1.2137555446890698,2.6167919187421704,-1.881729518962375,-3.2919792983793736,-0.692999169904079,3.919480543403554
0.08490450333361658,-1.0110002953320454,-0.5755334680106836,2.5733707213750225,-2.09122470099244,-2.6966536283038827,-0.22038814244880997,3.479256652564204
0.1734125114719331,-0.5808728090729083,-0.1333387154912743,2.4250767811264637,-2.1960237894843844,-2.154817110500442,0.11484244169796654,3.1162908482713716
0.4102261418037507,-0.19715850992901066,0.8982636505712418,2.59539618067908,-2.622151359630133,-1.4524340085249032,0.8600911558820478,2.515743457269155
0.4528710792507473,0.24886485294217786,1.144432105841322,2.341954940242208,-2.6186961861472358,-0.9637224767103938,1.056937919672536,2.2321905688446257
0.4994460465683145,0.6920612264877989,1.395335856585296,2.0887495670574965,-2.61417011522838,-0.4700232498812531,1.2463752625790954,1.9523749022409749
0.5515998991555137,1.135403842916445,1.64539863412203,1.8310114658690426,-2.612955335720663,0.019741477293976573,1.4365148098965734,1.670702026863682
0.6007959874951495,1.584784807645756,1.890279050105386,1.5788628007738428,-2.609720228478165,0.5047548267174696,1.6317051935338487,1.3837037630855453
-0.46310531533542754,2.565304826215488,-2.5965567696275835,-1.158954810963343,-0.21216491017624806,-0.27278832955911364,-1.526580251353245,3.1759148937459054
-0.4078938630357027,3.00918338638284,-2.34745663067978,-1.4160709901496855,-0.20947683461835867,0.21658180283262934,-1.3351776754212936,2.8943773964552215
-0.3695043105508223,3.4519451952164064,-2.0968036200772735,-1.671824886331758,-0.20896640324928323,0.708713665169239,-1.1441656917840444,2.6129215375793104
-0.3216907085911492,3.8980249530474356,-1.8474941346147702,-1.9219896847534492,-0.20311713040470553,1.200640784792018,-0.9544688783455716,2.3308382727115546
-0.2688828803584578,4.343500441100424,-1.600460740908962,-2.179487684035659,-0.20181822186195764,1.6871164412622228,-0.7602321347055452,2.0468576198591864
-0.22748962713028711,4.789335731410333,-1.3555200190365757,-2.4335120297651547,-0.19813509183811576,2.175357733840362,-0.5603919248186998,1.7634737695227263
-0.18126871865912866,5.2315717050444315,-1.1040137913976567,-2.6942619480563463,-0.20138961214188061,2.664452666052682,-0.37186979983134494,1.4807564403880944
-0.08607422848541696,5.662556497653646,-0.6626290205519085,-2.84074410862568,-0.3030594246887819,3.2064722520154354,-0.03631406935259731,1.1184713533605182
0.00466887711938093,6.090703853849018,-0.21586603912583177,-2.98880506598838,-0.40810727767159477,3.7521047331801314,0.29101799440559206,0.7577464394016284
0.1462195367873517,6.5036399959162585,0.4235047688680014,-3.0298645972757394,-0.6164329279564783,4.350770024645448,0.763192403032763,0.31911367717503175
0.23772229324545452,6.930973109893707,0.8660421395640348,-3.1800267725475884,-0.7194191815647617,4.894976989021586,1.1005474317958381,-0.040213349378844486
0.382386194537764,7.349438004404883,1.5038861077079217,-3.218791418409636,-0.9301540122544879,5.487740083606899,1.5694116531559583,-0.48550962614195975
0.5651048744046578,7.744310569073947,2.339890774401266,-3.1595199391310644,-1.2509783881986478,6.138693024863497,2.181171432366837,-1.003544582853667
0.6112012739794083,8.189303002941452,2.584937917180955,-3.41275959389503,-1.244363046591245,6.628757578591618,2.3814303270462545,-1.2846262906236046
0.6615433973417728,8.636199377748538,2.83536460635837,-3.6661911276311105,-1.2434432130375837,7.117225984521572,2.5671136071691625,-1.5698370056928306
